train_fraction,train_percent,train_rows,train_trips,model,split,MAE_Wh,RMSE_Wh,R2,WAPE_pct
0.05,5.0,21120,18,Data-NN,Val,165.04306745127963,276.7758462039599,0.7684289893925378,21.185211233088825
0.05,5.0,21120,18,Data-NN,Test-SV,123.10493167990226,166.00567688390998,0.9084472591620086,18.46552329234634
0.05,5.0,21120,18,Data-NN,Test-NV,87.13374444444443,116.07171925387381,0.8860098786294515,18.772855529947595
0.05,5.0,21120,18,Fixed-physics PINN (lambda=0.1),Val,155.12940817033137,269.2925558301103,0.7807818477311339,19.91267692308663
0.05,5.0,21120,18,Fixed-physics PINN (lambda=0.1),Test-SV,127.29691952891409,168.3593730070062,0.905832710444979,19.094314098781577
0.05,5.0,21120,18,Fixed-physics PINN (lambda=0.1),Test-NV,105.75801799519859,145.54340338954478,0.8207746512808747,22.785431816525666
0.1,10.0,41529,35,Data-NN,Val,143.32761015127056,247.15160939995042,0.8153477082234116,18.397777885974037
0.1,10.0,41529,35,Data-NN,Test-SV,122.82816777801516,174.37016513520777,0.8989887307017765,18.42400919370677
0.1,10.0,41529,35,Data-NN,Test-NV,43.82280075208878,70.46465766596484,0.9579895750802746,9.441567244492436
0.1,10.0,41529,35,Fixed-physics PINN (lambda=0.1),Val,139.7465908607239,239.4250141066364,0.8267126501813181,17.93811210738935
0.1,10.0,41529,35,Fixed-physics PINN (lambda=0.1),Test-SV,119.78474112371752,160.60103118874278,0.914311581043294,17.967500546923972
0.1,10.0,41529,35,Fixed-physics PINN (lambda=0.1),Test-NV,63.796810264756935,88.2245708059319,0.9341442818383242,13.744942444604428
0.25,25.0,85723,87,Data-NN,Val,131.10807490379298,234.51542504618027,0.833746558862297,16.829257381685625
0.25,25.0,85723,87,Data-NN,Test-SV,115.5782679094856,146.651906483908,0.9285502197901875,17.336536961175835
0.25,25.0,85723,87,Data-NN,Test-NV,63.18222961018883,88.89281588619824,0.9331428731677586,13.612531816399828
0.25,25.0,85723,87,Fixed-physics PINN (lambda=0.1),Val,122.83013420413874,222.52506419873066,0.8503124478131848,15.766686714493398
0.25,25.0,85723,87,Fixed-physics PINN (lambda=0.1),Test-SV,109.85847914585065,137.7873602157747,0.9369268922115846,16.47857870393207
0.25,25.0,85723,87,Fixed-physics PINN (lambda=0.1),Test-NV,57.10635979546443,86.90342909321336,0.9361018611839284,12.303493314980727
0.5,50.0,158605,174,Data-NN,Val,124.58610667858387,228.41537868507876,0.8422830035808356,15.992086353297319
0.5,50.0,158605,174,Data-NN,Test-SV,104.15161149107381,129.59335325759903,0.9442055596503862,15.622558590297386
0.5,50.0,158605,174,Data-NN,Test-NV,31.818406556532103,48.72993094760611,0.9799087955317715,6.85523562986279
0.5,50.0,158605,174,Fixed-physics PINN (lambda=0.1),Val,124.91924508987498,227.98724553686435,0.8428736870321341,16.03484857119624
0.5,50.0,158605,174,Fixed-physics PINN (lambda=0.1),Test-SV,103.19311616695076,126.93831693341946,0.9464683114897968,15.478785977034251
0.5,50.0,158605,174,Fixed-physics PINN (lambda=0.1),Test-NV,34.52643144395614,45.52551185550964,0.9824642616676854,7.438676182168303
1.0,100.0,324484,348,Data-NN,Val,125.15670035249892,225.08687919287425,0.8468460592289233,16.065328736008865
1.0,100.0,324484,348,Data-NN,Test-SV,98.61592969899118,122.92246267488768,0.9498018195126046,14.792216055064841
1.0,100.0,324484,348,Data-NN,Test-NV,32.24080488349067,42.8451223464914,0.9844683657042748,6.946240817561806
1.0,100.0,324484,348,Fixed-physics PINN (lambda=0.1),Val,126.30388665613556,227.5097440046316,0.8435311754351382,16.21258353768918
1.0,100.0,324484,348,Fixed-physics PINN (lambda=0.1),Test-SV,102.54067839483567,127.23170355873867,0.9462205749277606,15.380921458420783
1.0,100.0,324484,348,Fixed-physics PINN (lambda=0.1),Test-NV,34.75520011800128,47.85997617049575,0.9806197516685233,7.48796410494735
